{
  "best_metric": null,
  "best_model_checkpoint": null,
  "epoch": 2.1551724137931036,
  "eval_steps": 500,
  "global_step": 1000,
  "is_hyper_param_search": false,
  "is_local_process_zero": true,
  "is_world_process_zero": true,
  "log_history": [
    {
      "epoch": 1.0775862068965518,
      "grad_norm": 13.10852336883545,
      "learning_rate": 3.2040229885057474e-05,
      "loss": 2.7213,
      "step": 500
    },
    {
      "epoch": 2.1551724137931036,
      "grad_norm": 11.62254810333252,
      "learning_rate": 1.4080459770114942e-05,
      "loss": 2.0138,
      "step": 1000
    }
  ],
  "logging_steps": 500,
  "max_steps": 1392,
  "num_input_tokens_seen": 0,
  "num_train_epochs": 3,
  "save_steps": 1000,
  "total_flos": 522584064000000.0,
  "train_batch_size": 2,
  "trial_name": null,
  "trial_params": null
}
